MRC,SECTOR,month_rmse,month_mape
Abitibi,AGRICOLE,61889.80490544815,0.10360154125010507
Matawinie,INDUSTRIEL,1110371.9972326856,0.25571713296276327
Matawinie,COMMERCIAL,1187176.8131433679,0.0770011351470278
Matawinie,AGRICOLE,178428.59871921563,0.07688255412740362
Les Moulins,RÉSIDENTIEL,13099818.059816621,0.09886426928071856
Les Moulins,INSTITUTIONNEL,578302.691511835,0.05145785106903553
Les Moulins,INDUSTRIEL,465933.30113405135,0.03972566667739092
Les Moulins,COMMERCIAL,3486734.989380121,0.08014638243758988
Les Moulins,AGRICOLE,95900.50743097755,0.1878824758239924
L'Assomption,RÉSIDENTIEL,9325021.098314142,0.08586700369122648
L'Assomption,INSTITUTIONNEL,218870.08542556432,0.030373259039656302
L'Assomption,INDUSTRIEL,211575.9461380689,0.05829843146009985
L'Assomption,COMMERCIAL,906617.7036003957,0.028426282807010744
L'Assomption,AGRICOLE,135333.34481943678,0.15270212485160467
Joliette,RÉSIDENTIEL,4310858.993535491,0.09913893632613881
Joliette,INSTITUTIONNEL,2759031.211208498,0.06427551018800996
Joliette,INDUSTRIEL,2557146.158342651,0.07594246572118694
Joliette,COMMERCIAL,580073.0641224036,0.04604310811774224
Joliette,AGRICOLE,126733.14682678282,0.04679098339971594
D'Autray,RÉSIDENTIEL,4431545.306197268,0.11632752559647548
Matawinie,INSTITUTIONNEL,164814.0279875691,0.0730672644188604
Matawinie,RÉSIDENTIEL,8698298.39988625,0.13760148819947415
Montcalm,AGRICOLE,157666.4511627406,0.02970942038011824
Montcalm,COMMERCIAL,744001.0783875524,0.08205618217383871
La Rivière-du-Nord,COMMERCIAL,2006133.0664967336,0.07168484997242032
La Rivière-du-Nord,AGRICOLE,727415.4044234036,0.7261016459381812
Deux-Montagnes,RÉSIDENTIEL,8510339.382579332,0.10477129226455699
Deux-Montagnes,INSTITUTIONNEL,428677.12265761965,0.056390222210998875
Deux-Montagnes,INDUSTRIEL,520803.4174166432,0.07779401630229403
Deux-Montagnes,COMMERCIAL,872907.9652071916,0.03209367470889606
Deux-Montagnes,AGRICOLE,297606.6968902238,0.09391824254089205
Argenteuil,RÉSIDENTIEL,4364063.792954457,0.1352373606384651
Argenteuil,INSTITUTIONNEL,164078.21104200772,0.0728231441653474
D'Autray,INSTITUTIONNEL,160321.5398994459,0.0700861836109323
Argenteuil,INDUSTRIEL,413194.9944756909,0.06306786736226994
Argenteuil,AGRICOLE,119685.06448154716,0.09832215772258253
Antoine-Labelle,RÉSIDENTIEL,4406947.398006797,0.11871040973947274
Antoine-Labelle,INSTITUTIONNEL,294087.9138075467,0.06406346504282416
Antoine-Labelle,INDUSTRIEL,1837453.3522010602,0.3340354122615026
Antoine-Labelle,COMMERCIAL,686887.2778302176,0.059034129771518506
Antoine-Labelle,AGRICOLE,96777.0912591331,0.060843722781898535
Montcalm,RÉSIDENTIEL,5768181.492960983,0.11966872343862149
Montcalm,INSTITUTIONNEL,136663.3166750126,0.07557477933942998
Montcalm,INDUSTRIEL,235856.6101549823,0.030757512607486093
Argenteuil,COMMERCIAL,4863868.010930032,0.15988278905737927
D'Autray,INDUSTRIEL,504266.88057450845,0.06783810167415301
D'Autray,COMMERCIAL,489609.52283931803,0.047135272121545425
D'Autray,AGRICOLE,317304.65962868906,0.09139618713140855
Bonaventure,AGRICOLE,16733.882526242818,0.0580514857214583
Avignon,RÉSIDENTIEL,881099.2675166944,0.08429275401277551
Avignon,INSTITUTIONNEL,66477.58544874292,0.0500784474565078
Avignon,INDUSTRIEL,183060.97407588648,0.09053344030329989
Avignon,COMMERCIAL,438876.5200815954,0.08859244326608884
Avignon,AGRICOLE,33363.891092964994,0.062479708539718855
Memphrémagog,RÉSIDENTIEL,5817485.5010238625,0.14132430283395095
Memphrémagog,INSTITUTIONNEL,4511236.145851788,0.1096673921421789
Memphrémagog,INDUSTRIEL,20114858.68069633,0.23910246855004338
Bonaventure,COMMERCIAL,226628.81587774746,0.040505426390839636
Memphrémagog,COMMERCIAL,572703.0023359947,0.07450037421969945
Les Sources,RÉSIDENTIEL,1150434.386749452,0.10729188359160914
Les Sources,INSTITUTIONNEL,97738.51275869602,0.07689080162402007
Les Sources,INDUSTRIEL,521577.7683058176,0.4035247207963222
Les Sources,COMMERCIAL,277255.304747701,0.08147557373335836
Les Sources,AGRICOLE,477686.68303720286,0.14757472919212744
Le Val-Saint-François,RÉSIDENTIEL,2139749.3378173676,0.1064958882773287
Le Val-Saint-François,INSTITUTIONNEL,123994.50704353889,0.09241935812472568
Le Val-Saint-François,INDUSTRIEL,4429936.032137963,0.06196915198348033
Le Val-Saint-François,COMMERCIAL,287133.6683479982,0.043959810469182604
Memphrémagog,AGRICOLE,140027.08607740962,0.08802086254140416
La Rivière-du-Nord,INDUSTRIEL,2139685.9620433557,0.13414348427625078
Bonaventure,INDUSTRIEL,97242.8879063495,0.10063378994367163
Bonaventure,RÉSIDENTIEL,1114947.9822878356,0.07756117718374521
Le Rocher-Percé,RÉSIDENTIEL,1194409.5790932921,0.06824753967008172
Le Rocher-Percé,INSTITUTIONNEL,168704.16032916977,0.09244538438513028
Le Rocher-Percé,INDUSTRIEL,4295490.254152502,0.2227326059460553
Le Rocher-Percé,COMMERCIAL,204338.49960815275,0.02631964083017477
Le Rocher-Percé,AGRICOLE,13124.77403890485,0.061662013434292916
Témiscamingue,AGRICOLE,89140.63145454152,0.039258266165032814
Témiscamingue,COMMERCIAL,403172.3323405957,0.06372899852534226
Témiscamingue,INDUSTRIEL,9517120.575409302,0.10944919046076006
Témiscamingue,INSTITUTIONNEL,200771.72779086078,0.101382684841884
Bonaventure,INSTITUTIONNEL,131291.6573968986,0.061768211931133334
Témiscamingue,RÉSIDENTIEL,1643327.735218063,0.1095297878592692
La Haute-Gaspésie,INSTITUTIONNEL,108342.36031211283,0.09153576911555565
La Haute-Gaspésie,INDUSTRIEL,228762.8041934615,0.261029356601664
La Haute-Gaspésie,COMMERCIAL,355535.4826545804,0.07510895315942047
La Haute-Gaspésie,AGRICOLE,7749.041666075479,0.09567227224858549
La Côte-de-Gaspé,RÉSIDENTIEL,1239193.2687084933,0.08989339469051855
La Côte-de-Gaspé,INSTITUTIONNEL,844780.9471556989,0.2471023833292428
La Côte-de-Gaspé,INDUSTRIEL,312646.34205522854,0.17574459045832472
La Mitis,COMMERCIAL,221784.1608583889,0.04683591586630317
La Côte-de-Gaspé,AGRICOLE,6881.868891898205,0.05207998926208429
La Haute-Gaspésie,RÉSIDENTIEL,1087626.15092301,0.12998854166084653
La Rivière-du-Nord,INSTITUTIONNEL,325993.78790613735,0.03972706325057842
La Rivière-du-Nord,RÉSIDENTIEL,12821171.284204382,0.11559641669214211
Les Laurentides,AGRICOLE,115688.74692268527,0.1010497969442588
Les Maskoutains,INSTITUTIONNEL,435055.3183021449,0.03380752147983752
Les Maskoutains,INDUSTRIEL,774857.2522932253,0.026703343470578383
Les Maskoutains,COMMERCIAL,1254781.1806970949,0.029327556079451405
Les Maskoutains,AGRICOLE,447449.35033317155,0.04116323236966945
Les Jardins-de-Napierville,RÉSIDENTIEL,2237804.2291743215,0.0897720401946553
Les Jardins-de-Napierville,INSTITUTIONNEL,124713.6674750201,0.09213467556093485
Les Jardins-de-Napierville,INDUSTRIEL,228224.27887257133,0.05630004161075575
Les Jardins-de-Napierville,COMMERCIAL,419521.8984957242,0.03902663736911268
Les Jardins-de-Napierville,AGRICOLE,599660.0510652716,0.047111163743219525
Les Maskoutains,RÉSIDENTIEL,6136007.899730754,0.1070448882937815
Le Haut-Saint-Laurent,RÉSIDENTIEL,2258238.8899656422,0.1140155218934266
Le Haut-Saint-Laurent,INDUSTRIEL,198569.3138059519,0.06209971697862526
Le Haut-Saint-Laurent,COMMERCIAL,299569.6949012949,0.043006881079040236
Le Haut-Saint-Laurent,AGRICOLE,297033.1403730283,0.06845609148502128
Le Haut-Richelieu,RÉSIDENTIEL,8618973.109589428,0.08897840639326927
Le Haut-Richelieu,INSTITUTIONNEL,504424.5372493907,0.0379191497383698
Le Haut-Richelieu,INDUSTRIEL,1467299.8541205614,0.10397788603592671
Le Haut-Richelieu,COMMERCIAL,944966.4233494007,0.022872571426387267
Le Haut-Richelieu,AGRICOLE,342526.3014778378,0.07280071204053715
La Vallée-du-Richelieu,RÉSIDENTIEL,9655546.823700236,0.09162000780585262
Le Haut-Saint-Laurent,INSTITUTIONNEL,117605.7899149769,0.05202743342599911
La Vallée-du-Richelieu,INSTITUTIONNEL,559310.7359875899,0.09258700877542388
Marguerite-D'Youville,AGRICOLE,113366.46329731955,0.13119320763541545
Marguerite-D'Youville,INDUSTRIEL,41814947.295740135,0.22549701482296722
Rouville,INDUSTRIEL,637593.4099129023,0.02929129102524639
Rouville,COMMERCIAL,297774.77028711356,0.031732844899885565
Rouville,AGRICOLE,259048.41303484247,0.0629087325235932
Roussillon,RÉSIDENTIEL,12863591.029615808,0.08966571379860418
Roussillon,INSTITUTIONNEL,494591.27284173656,0.0386094229735639
Roussillon,INDUSTRIEL,4943552.272371663,0.13254648709195851
Roussillon,COMMERCIAL,1241216.876890938,0.031999607211647074
Roussillon,AGRICOLE,170526.63980981623,0.08844388044097819
Pierre-De Saurel,RÉSIDENTIEL,4683917.999642406,0.11150500475556303
Marguerite-D'Youville,COMMERCIAL,954740.4146943719,0.03858835395322946
Pierre-De Saurel,INSTITUTIONNEL,221359.78441591846,0.03887711763615662
Pierre-De Saurel,COMMERCIAL,765616.3979196702,0.06118418686794496
Pierre-De Saurel,AGRICOLE,136670.06812561938,0.06555910440219287
Abitibi-Ouest,AGRICOLE,104951.30134436871,0.13231737329702273
Abitibi-Ouest,COMMERCIAL,320772.7744827652,0.06646158814998679
Abitibi-Ouest,INDUSTRIEL,974560.666656397,0.04556924436997251
Abitibi-Ouest,INSTITUTIONNEL,145598.40181584458,0.06398498484185487
Abitibi-Ouest,RÉSIDENTIEL,1838240.5706592314,0.11114181543181356
Marguerite-D'Youville,RÉSIDENTIEL,6300266.444881184,0.09735177831264065
Marguerite-D'Youville,INSTITUTIONNEL,467908.13557666633,0.058974975465554004
Pierre-De Saurel,INDUSTRIEL,32137686.71231682,0.09980093511411949
Le Val-Saint-François,AGRICOLE,171055.63801046557,0.050924023163724526
La Vallée-du-Richelieu,INDUSTRIEL,105060.62064254559,0.018307616912687005
La Vallée-du-Richelieu,AGRICOLE,131371.32311284004,0.06992526994548877
Les Chenaux,AGRICOLE,97416.0277039298,0.047448699026301396
Thérèse-De Blainville,RÉSIDENTIEL,13317705.150810558,0.1008419624428638
Thérèse-De Blainville,INSTITUTIONNEL,531620.6190051017,0.037649121568661
Thérèse-De Blainville,INDUSTRIEL,507316.216234942,0.030391283687078066
Thérèse-De Blainville,COMMERCIAL,3072772.840367551,0.04761695908144298
Thérèse-De Blainville,AGRICOLE,183327.95431892056,0.2699688931805162
Les Pays-d'en-Haut,RÉSIDENTIEL,9728092.66638807,0.16414649048110605
Les Pays-d'en-Haut,INSTITUTIONNEL,112411.7626722775,0.05682778183383263
La Vallée-de-l'Or,AGRICOLE,,
Les Chenaux,COMMERCIAL,387960.1709316363,0.1252555486462801
La Vallée-de-l'Or,COMMERCIAL,1854697.84557848,0.1164458621473378
La Vallée-de-l'Or,INSTITUTIONNEL,188643.2666767208,0.04071321702677695
La Vallée-de-l'Or,RÉSIDENTIEL,3958598.530032858,0.11296049479674831
Les Pays-d'en-Haut,INDUSTRIEL,21125.408713776265,0.0597521552325423
Les Pays-d'en-Haut,COMMERCIAL,772372.6269534448,0.0541763346674779
Les Pays-d'en-Haut,AGRICOLE,41273.63307905509,0.4732246049159771
Les Laurentides,RÉSIDENTIEL,9848093.071609663,0.1567896329603813
Les Laurentides,INSTITUTIONNEL,199942.78907673646,0.04497995179532594
Les Laurentides,INDUSTRIEL,99347.1441277671,0.06994642912202231
Les Laurentides,COMMERCIAL,2318020.419842326,0.132960836578074
La Vallée-de-l'Or,INDUSTRIEL,4763547.636959335,0.04227453644198865
La Vallée-du-Richelieu,COMMERCIAL,1026486.1976595961,0.03573474447577309
Les Chenaux,INDUSTRIEL,73644.97224845504,0.17538340488467904
Les Chenaux,RÉSIDENTIEL,1687932.0141762602,0.10469832843175254
Beauharnois-Salaberry,RÉSIDENTIEL,5891233.50350089,0.10392770941020635
Beauharnois-Salaberry,INSTITUTIONNEL,288639.72899906663,0.03646970338075179
Beauharnois-Salaberry,INDUSTRIEL,40553483.775175504,0.35389528625085226
Beauharnois-Salaberry,COMMERCIAL,1709989.8563321854,0.05516931451621288
Beauharnois-Salaberry,AGRICOLE,279081.09866031795,0.11102679435143496
Acton,RÉSIDENTIEL,1208315.305670247,0.10596062472005724
Acton,INSTITUTIONNEL,140863.6959079383,0.16664731852099984
Acton,INDUSTRIEL,67631.39271104717,0.039066638341479394
Acton,COMMERCIAL,155316.2749987367,0.03133318607844162
Les Chenaux,INSTITUTIONNEL,71225.28847145244,0.09729248007718265
Acton,AGRICOLE,176366.4169999476,0.031692989290260466
Mékinac,INSTITUTIONNEL,47452.45168539159,0.07804985983610443
Mékinac,INDUSTRIEL,929734.2530744767,0.9810910601160695
Mékinac,COMMERCIAL,245230.07685013936,0.08808238006254714
Mékinac,AGRICOLE,85965.17898381052,0.058076494751767516
Maskinongé,RÉSIDENTIEL,3419542.4447636544,0.10778814987077136
Maskinongé,INSTITUTIONNEL,102492.77523151213,0.05622531062062893
Maskinongé,INDUSTRIEL,854562.9304389784,0.08454271325315611
Maskinongé,COMMERCIAL,818113.2245199902,0.09464054876779837
Maskinongé,AGRICOLE,406862.9446047372,0.05713747432470223
Mékinac,RÉSIDENTIEL,1440528.5338059047,0.11797540622004672
Le Haut-Saint-François,RÉSIDENTIEL,1675191.5189869672,0.10794245151552874
Le Haut-Saint-François,INSTITUTIONNEL,105847.64379910345,0.052785920726304336
Le Haut-Saint-François,INDUSTRIEL,502847.08847013593,0.05090254551292733
Bécancour,RÉSIDENTIEL,1598329.4732975438,0.09917547118980374
Bécancour,INSTITUTIONNEL,1227892.35422961,0.2952416856366827
Bécancour,INDUSTRIEL,75241444.40900561,0.10416995267754986
Bécancour,COMMERCIAL,472844.95882159984,0.06618016780762614
Bécancour,AGRICOLE,154828.16283157482,0.040153694946822034
Arthabaska,RÉSIDENTIEL,4988574.998892447,0.09284029227931812
Arthabaska,INSTITUTIONNEL,161545.90509597375,0.031543617589364754
Arthabaska,INDUSTRIEL,2154912.328318989,0.06832911499958036
Arthabaska,COMMERCIAL,1393501.7012008491,0.06579524185996076
Drummond,AGRICOLE,307748.80244904297,0.03793625629667057
Arthabaska,AGRICOLE,240718.74438462118,0.027096879143948992
Portneuf,INSTITUTIONNEL,172297.8715150075,0.03026532892590991
Portneuf,INDUSTRIEL,6134536.454214666,0.013368207534824969
Portneuf,COMMERCIAL,884229.8494837257,0.08177816291185909
Portneuf,AGRICOLE,475755.35221415217,0.11136409504277167
La Jacques-Cartier,RÉSIDENTIEL,4569407.561417117,0.10275137595046295
La Jacques-Cartier,INSTITUTIONNEL,338919.94818093564,0.03945369913202606
La Jacques-Cartier,INDUSTRIEL,23006.292888094606,0.0715025827485586
La Jacques-Cartier,COMMERCIAL,1212020.4880071464,0.16639259571492207
La Jacques-Cartier,AGRICOLE,51471.92095047856,0.09830295113661258
Portneuf,RÉSIDENTIEL,4688161.494872457,0.10525852094270038
La Côte-de-Beaupré,RÉSIDENTIEL,2638374.998154891,0.09461228363219987
Drummond,COMMERCIAL,3000119.286930288,0.08807035272079877
Drummond,INSTITUTIONNEL,198914.14849647493,0.02290621333555724
Beauce-Centre,INSTITUTIONNEL,148874.2437115774,0.11534350962392853
La Matanie,AGRICOLE,26069.205246119738,0.040747946425556715
La Matanie,COMMERCIAL,446547.3873941989,0.0747513449041364
La Matanie,INDUSTRIEL,2567893.1208799137,0.041612108987678
La Matanie,INSTITUTIONNEL,446750.1865395818,0.17668948544215604
La Matanie,RÉSIDENTIEL,1582902.5010134256,0.09850690564134634
Beauce-Centre,INDUSTRIEL,1565459.4137751146,0.1783511625727976
Beauce-Centre,COMMERCIAL,374768.3320212338,0.06598750989320785
Beauce-Centre,AGRICOLE,150454.17954878617,0.042967194781076405
Drummond,INDUSTRIEL,770037.5300119338,0.02431662826009136
Nicolet-Yamaska,RÉSIDENTIEL,1777336.376821839,0.1014103582298612
Nicolet-Yamaska,INDUSTRIEL,83576.93655454066,0.03869707143689956
Nicolet-Yamaska,COMMERCIAL,310903.99853123573,0.035634957729623495
Nicolet-Yamaska,AGRICOLE,254952.42243691112,0.042520988974340736
L'Érable,RÉSIDENTIEL,1705323.67872,0.10263755846907117
L'Érable,INSTITUTIONNEL,141093.63430710003,0.07925194417824126
L'Érable,INDUSTRIEL,508236.72781220026,0.052295317724134795
L'Érable,COMMERCIAL,714349.1299361668,0.07976490806634089
L'Érable,AGRICOLE,289549.80909026245,0.053188256372865526
Drummond,RÉSIDENTIEL,8165601.962925742,0.10301439652116877
Nicolet-Yamaska,INSTITUTIONNEL,309624.92794263037,0.11223913141951676
Beauce-Centre,RÉSIDENTIEL,1161922.6809627,0.08559026674189212
La Côte-de-Beaupré,INSTITUTIONNEL,145738.99959141205,0.0658355280576504
La Côte-de-Beaupré,COMMERCIAL,452005.0554943487,0.058294602009965946
La Matapédia,INSTITUTIONNEL,85126.00892513614,0.04623988546689495
La Matapédia,RÉSIDENTIEL,1169162.6514654455,0.09858674031569797
Rivière-du-Loup,RÉSIDENTIEL,2467245.7157871593,0.10191266012980761
Rivière-du-Loup,INSTITUTIONNEL,536342.5981552812,0.10583401276535735
Rivière-du-Loup,INDUSTRIEL,11231529.90207643,0.15341950620568598
Rivière-du-Loup,COMMERCIAL,369608.4339866953,0.02191785624806834
Rivière-du-Loup,AGRICOLE,75526.47695225924,0.03038435114590218
Rimouski-Neigette,RÉSIDENTIEL,4681878.276983796,0.11491132211027118
Rimouski-Neigette,INSTITUTIONNEL,571148.9766127986,0.07921320133365269
La Matapédia,INDUSTRIEL,1017077.4734964882,0.08414170420344624
Rimouski-Neigette,INDUSTRIEL,121934.73139539748,0.05992994242022278
Rimouski-Neigette,AGRICOLE,77057.42719977928,0.037158165646930176
Les Basques,RÉSIDENTIEL,651950.5955155652,0.10478213293776516
Les Basques,INSTITUTIONNEL,66713.85760355454,0.06281753182965943
Les Basques,INDUSTRIEL,27518.61734012189,0.11009783135874796
Les Basques,COMMERCIAL,102166.98223145955,0.03833489343850952
Les Basques,AGRICOLE,155668.67104211848,0.08027013999456369
La Mitis,RÉSIDENTIEL,1458945.1905918864,0.11338114736660483
La Mitis,INSTITUTIONNEL,176183.29172513398,0.07163380000613756
La Mitis,INDUSTRIEL,708019.9447421883,0.09103975756939738
Rimouski-Neigette,COMMERCIAL,1968138.3099304254,0.10258371421386554
La Côte-de-Beaupré,INDUSTRIEL,63412.35114553297,0.06380245819399484
La Matapédia,COMMERCIAL,633547.1489301894,0.09462250683021722
Témiscouata,AGRICOLE,583198.1192003903,0.17186268039940236
La Côte-de-Beaupré,AGRICOLE,24303.426271782275,0.11737097081073722
L'Île-d'Orléans,RÉSIDENTIEL,643465.9704510939,0.08746604566426479
L'Île-d'Orléans,INSTITUTIONNEL,15219.444082410015,0.08796556132308053
L'Île-d'Orléans,INDUSTRIEL,5121.439243139157,0.07417092117484966
L'Île-d'Orléans,COMMERCIAL,52215.314865515866,0.049689432563052714
L'Île-d'Orléans,AGRICOLE,56681.42923881357,0.05380157887931536
Charlevoix-Est,RÉSIDENTIEL,1325888.4629500378,0.10425924097203311
Charlevoix-Est,INSTITUTIONNEL,103577.54095615546,0.05365567775465214
Charlevoix-Est,INDUSTRIEL,3514469.832477014,0.04772988700440017
La Matapédia,AGRICOLE,60839.09376488226,0.045531094897011154
Charlevoix-Est,COMMERCIAL,348684.44335272914,0.05696023593183532
Charlevoix,RÉSIDENTIEL,1301070.5230828556,0.10134654271962834
Charlevoix,INSTITUTIONNEL,173309.62548840808,0.19360891437629038
Charlevoix,INDUSTRIEL,93672.93470825852,0.09694518604374784
Charlevoix,COMMERCIAL,524506.104017472,0.06400346204145832
Charlevoix,AGRICOLE,47599.72198313351,0.07288498111985064
Témiscouata,RÉSIDENTIEL,1332402.7044895869,0.09426953495841539
Témiscouata,INSTITUTIONNEL,301710.2832093314,0.10756613088013638
Témiscouata,INDUSTRIEL,477953.2694206352,0.021923123939380288
Témiscouata,COMMERCIAL,356814.9874412017,0.0686928595207635
Charlevoix-Est,AGRICOLE,25960.075886218427,0.064106234420696
Rouville,INSTITUTIONNEL,6190060.0165812615,0.24452462127697397
Beauce-Sartigan,AGRICOLE,252502.17541758617,0.05369854112718082
Beauce-Sartigan,INDUSTRIEL,2456977.9992666114,0.07607901729768936
Sept-Rivières,INDUSTRIEL,12369370.070659107,0.011833080770071724
Sept-Rivières,COMMERCIAL,2065642.1869583004,0.07543087330430905
Sept-Rivières,AGRICOLE,7334.03391974005,0.160031479336908
Kamouraska,AGRICOLE,89652.12844712046,0.01940983943215283
Kamouraska,COMMERCIAL,444946.1414520972,0.06937090746946606
Kamouraska,INDUSTRIEL,110447.71079886267,0.034636300203837296
Kamouraska,INSTITUTIONNEL,236725.02284439086,0.1071665989169463
Kamouraska,RÉSIDENTIEL,1143285.4947218571,0.07629102615634832
Minganie,RÉSIDENTIEL,447373.81350566103,0.08740330724318963
Sept-Rivières,INSTITUTIONNEL,510982.50170514325,0.05563920863221931
Minganie,INSTITUTIONNEL,65486.328586370175,0.05588565450110328
Minganie,COMMERCIAL,113621.55323049682,0.04501563517572921
Minganie,AGRICOLE,696.5098617192332,0.11081879246122406
Manicouagan,RÉSIDENTIEL,1296429.422550881,0.08467021051116709
Manicouagan,INSTITUTIONNEL,1030079.9748832128,0.04337315179172028
Manicouagan,INDUSTRIEL,16976945.018753294,0.05503515716318825
Manicouagan,COMMERCIAL,513517.77810794575,0.09120559733190904
Manicouagan,AGRICOLE,33785.87020880115,0.1848809201496926
Le Golfe-du-Saint-Laurent,RÉSIDENTIEL,397235.5879673595,0.09015621618098267
Le Golfe-du-Saint-Laurent,INSTITUTIONNEL,147143.9669926841,0.1825008042410393
Minganie,INDUSTRIEL,433869.16245266167,0.283515906563986
Le Golfe-du-Saint-Laurent,INDUSTRIEL,1270.084286148877,0.08743388710255041
Sept-Rivières,RÉSIDENTIEL,2380098.6140163178,0.08880207609749681
Brome-Missisquoi,COMMERCIAL,3296246.327521274,0.051863985158449845
Le Haut-Saint-François,COMMERCIAL,2877157.6826979886,0.4603384108893101
Le Haut-Saint-François,AGRICOLE,215749.50100668223,0.08568282010418915
Le Granit,RÉSIDENTIEL,1804874.2818167086,0.10217369922456453
Le Granit,INSTITUTIONNEL,140347.09383138022,0.04843641264853821
Le Granit,INDUSTRIEL,1329336.9524720528,0.05993645119096406
Le Granit,COMMERCIAL,304559.6719043475,0.07291534299370347
Le Granit,AGRICOLE,447666.2318210852,0.11070075515085787
La Haute-Yamaska,RÉSIDENTIEL,7408378.655538419,0.1058273630960478
La Haute-Yamaska,INSTITUTIONNEL,187143.12126589342,0.027493862444879825
Brome-Missisquoi,AGRICOLE,286991.2967189174,0.05312858100972535
La Haute-Yamaska,INDUSTRIEL,1597738.794524061,0.0838521832802805
La Haute-Yamaska,AGRICOLE,116471.4516975756,0.03597000613205394
Coaticook,RÉSIDENTIEL,803573.7757108135,0.09285340340989055
Coaticook,INSTITUTIONNEL,2820416.2165347827,0.10122261345483385
Coaticook,INDUSTRIEL,81941.19580016457,0.012203301484480402
Coaticook,COMMERCIAL,654181.0193633368,0.33539635775136006
Coaticook,AGRICOLE,126597.9332182549,0.024407844315417437
Brome-Missisquoi,RÉSIDENTIEL,7339789.863888008,0.12074843599041135
Brome-Missisquoi,INSTITUTIONNEL,209106.75057156908,0.03771665347990152
Brome-Missisquoi,INDUSTRIEL,1222121.1001914493,0.04865405857596358
La Haute-Yamaska,COMMERCIAL,1831166.8696316609,0.0798798042192137
Beauce-Sartigan,COMMERCIAL,1003147.0506319158,0.05886032536346389
Le Golfe-du-Saint-Laurent,COMMERCIAL,96602.48196311132,0.08398709228186234
La Haute-Côte-Nord,INSTITUTIONNEL,109053.91357052018,0.05322472708181616
Les Appalaches,INDUSTRIEL,278744.476745887,0.03577362288581761
Les Appalaches,COMMERCIAL,732695.8415597682,0.06544717339593073
Les Appalaches,AGRICOLE,432079.59371683706,0.06993618714170767
La Nouvelle-Beauce,RÉSIDENTIEL,2587522.1747169783,0.09558043163527243
La Nouvelle-Beauce,INSTITUTIONNEL,133887.7830339524,0.05181111093732651
La Nouvelle-Beauce,INDUSTRIEL,660389.857621188,0.047011900780774184
La Nouvelle-Beauce,COMMERCIAL,570888.5662757969,0.05722875281691031
La Nouvelle-Beauce,AGRICOLE,340856.2762637315,0.04878909311649061
L'Islet,RÉSIDENTIEL,975669.373207544,0.07988577682403883
Les Appalaches,INSTITUTIONNEL,221836.20483476587,0.0663280076934981
L'Islet,INSTITUTIONNEL,89989.81860287029,0.07967191806746066
L'Islet,COMMERCIAL,263936.0373320723,0.056059527918719015
L'Islet,AGRICOLE,398645.97366009245,0.09879953710628615
Bellechasse,RÉSIDENTIEL,2475763.0250281338,0.09285709335210744
Bellechasse,INSTITUTIONNEL,203773.3504202712,0.08005309079087156
Bellechasse,INDUSTRIEL,623284.4513828065,0.040913415132909185
Bellechasse,COMMERCIAL,515174.79053056124,0.06052626517663581
Bellechasse,AGRICOLE,431930.7024687031,0.049757899105814914
Beauce-Sartigan,RÉSIDENTIEL,3579156.9506225656,0.09382936849537536
Beauce-Sartigan,INSTITUTIONNEL,248898.3487577169,0.06595445993931097
L'Islet,INDUSTRIEL,475777.0375050922,0.04710610888948192
La Haute-Côte-Nord,RÉSIDENTIEL,710337.7312863893,0.07877530327351824
Les Appalaches,RÉSIDENTIEL,3916084.393023853,0.1121616483027021
Les Etchemins,COMMERCIAL,139367.4509109131,0.03179943158520925
La Haute-Côte-Nord,INDUSTRIEL,200057.8374394819,0.047093423259900576
La Haute-Côte-Nord,COMMERCIAL,5862616.170242327,0.5663626626941997
La Haute-Côte-Nord,AGRICOLE,32126.086273836983,0.2085992533565528
Caniapiscau,RÉSIDENTIEL,405506.8957645004,0.09146150542236382
Caniapiscau,INSTITUTIONNEL,84233.23443155974,0.08918011634391647
Caniapiscau,INDUSTRIEL,16715581.812167622,0.11882675163062068
Caniapiscau,COMMERCIAL,209077.06961714887,0.08657901166610844
Montmagny,RÉSIDENTIEL,1491494.3910444325,0.09211712824486955
Montmagny,INSTITUTIONNEL,170678.81425868784,0.07739979022559636
Les Etchemins,AGRICOLE,162015.07017829793,0.06349222862019464
Montmagny,INDUSTRIEL,259653.6278219761,0.037894007326775066
Montmagny,AGRICOLE,169242.58262120892,0.055393087070796404
Lotbinière,RÉSIDENTIEL,2253007.9623388993,0.08991677454454809
Lotbinière,INSTITUTIONNEL,213877.58580122265,0.12709960048873703
Lotbinière,INDUSTRIEL,551710.8441626196,0.06302228135198377
Lotbinière,COMMERCIAL,557117.7890766158,0.08485941181337915
Lotbinière,AGRICOLE,401746.57923144,0.05735504986004316
Les Etchemins,RÉSIDENTIEL,1155312.6329012325,0.08962923722524078
Les Etchemins,INSTITUTIONNEL,67185.03255352429,0.06293796710222745
Les Etchemins,INDUSTRIEL,160975.92916284874,0.040161589127621654
Montmagny,COMMERCIAL,398321.5711709993,0.0585406951591686
Rouville,RÉSIDENTIEL,2757206.5507812733,0.09720560135476602
La Côte-de-Gaspé,COMMERCIAL,952855.6909118711,0.10818985038215316
La Mitis,AGRICOLE,72716.66041361706,0.036916204252802606
Administration régionale Kativik,INSTITUTIONNEL,65548.12817618434,0.04961402463499348
Pontiac,INSTITUTIONNEL,62876.78924067189,0.04816680151284411
Pontiac,RÉSIDENTIEL,1981591.0032653534,0.11622525728964411
Administration régionale Kativik,COMMERCIAL,186249.49152460488,0.05450846486468542
Lac-Saint-Jean-Est,RÉSIDENTIEL,3711949.547876204,0.1018948062358267
Les Collines-de-l'Outaouais,INSTITUTIONNEL,102408.43365760162,0.09866698852486992
Les Collines-de-l'Outaouais,RÉSIDENTIEL,6758801.130998519,0.12945396892376607
Le Fjord-du-Saguenay,COMMERCIAL,336275.14510404307,0.07630230487402495
Le Fjord-du-Saguenay,INDUSTRIEL,94978.258571959,0.21756539405921294
Vaudreuil-Soulanges,RÉSIDENTIEL,14288973.135433605,0.10279150027521329
Vaudreuil-Soulanges,INSTITUTIONNEL,507949.86961283424,0.04500115129888654
Vaudreuil-Soulanges,INDUSTRIEL,898040.0239724714,0.08003362305004798
Administration régionale Kativik,RÉSIDENTIEL,546785.4359490649,0.14245850549517844
Vaudreuil-Soulanges,COMMERCIAL,2821702.783936147,0.06972599573782877
Le Fjord-du-Saguenay,RÉSIDENTIEL,2381301.893910153,0.110151995419409
La Vallée-de-la-Gatineau,INDUSTRIEL,354928.97950587736,0.1634653110239737
La Vallée-de-la-Gatineau,COMMERCIAL,436781.3175320685,0.0670229265766459
Le Fjord-du-Saguenay,AGRICOLE,59930.122425836475,0.07013261255234927
La Vallée-de-la-Gatineau,AGRICOLE,60653.20914802006,0.06520091887184136
Vaudreuil-Soulanges,AGRICOLE,368828.1077723543,0.0785679885051974
Papineau,AGRICOLE,239347.74759135532,0.1683159483798228
Papineau,COMMERCIAL,868374.7377171746,0.12641247229043703
Papineau,INDUSTRIEL,1348425.895572425,0.25856640764309197
Papineau,RÉSIDENTIEL,3554476.109403748,0.13547617531375292
Papineau,INSTITUTIONNEL,130610.4806736671,0.08466975616851967
Le Fjord-du-Saguenay,INSTITUTIONNEL,137782.40301150936,0.09648902992955304
Abitibi,RÉSIDENTIEL,1991196.4443562906,0.11489273698419405
Lac-Saint-Jean-Est,INSTITUTIONNEL,2159266.747667301,0.1329159080910162
Le Domaine-du-Roy,INSTITUTIONNEL,136184.44067086658,0.032854058797371764
Maria-Chapdelaine,AGRICOLE,111650.37412557004,0.03616107382157005
Les Collines-de-l'Outaouais,INDUSTRIEL,92514.44735217607,0.3200714731404474
Lac-Saint-Jean-Est,COMMERCIAL,572745.9680403053,0.06564553536566674
Le Domaine-du-Roy,COMMERCIAL,3337202.633068282,0.1841416917830346
Le Domaine-du-Roy,INDUSTRIEL,2587626.909545525,0.06886409619807192
Le Domaine-du-Roy,RÉSIDENTIEL,2309891.8688677386,0.09724814212151205
Lac-Saint-Jean-Est,AGRICOLE,192089.36664150265,0.06320968490497421
Le Domaine-du-Roy,AGRICOLE,94997.83137263084,0.08112863924709306
Pontiac,AGRICOLE,105241.77429386173,0.1262744336270319
Lac-Saint-Jean-Est,INDUSTRIEL,16187978.590797603,0.5666857619832277
Les Collines-de-l'Outaouais,COMMERCIAL,772072.8895368262,0.1051023175873635
Abitibi,INSTITUTIONNEL,914470.0471816871,0.08208103964070695
Les Collines-de-l'Outaouais,AGRICOLE,88354.26098829196,0.10486510355966298
Abitibi,COMMERCIAL,776750.7173786401,0.1248819278189614
Pontiac,COMMERCIAL,198185.87998352086,0.04913835569652896
Pontiac,INDUSTRIEL,24066.612562761034,0.15438871917949312
La Vallée-de-la-Gatineau,RÉSIDENTIEL,3038597.236096162,0.11519266390070065
Maria-Chapdelaine,COMMERCIAL,920139.714057428,0.10402983748369077
Maria-Chapdelaine,INDUSTRIEL,2475744.8674515095,0.03675112339668899
Maria-Chapdelaine,INSTITUTIONNEL,206037.66118917905,0.06016557302720151
Maria-Chapdelaine,RÉSIDENTIEL,1929399.5869067672,0.0994511307079111
La Vallée-de-la-Gatineau,INSTITUTIONNEL,103886.10357518234,0.07067161780385013
Abitibi,INDUSTRIEL,8634963.291900927,0.426574357675934
